siteID,latitude,longitude,elevation,elev_cv,elev_range,domain,epa1,epa_merge
ABBY,45.76158859,-122.3394772,445.969954,22.08722628,294.8572662,Pacific Northwest,6,NW Mountains
BART,44.05374473,-71.29163212,435.3687865,23.07407703,372.9508222,Northeast,5,Northern Forests
BLAN,39.08272845,-77.97471909,180.0565907,7.803044865,46.98934185,Mid-Atlantic,8,Eastern Forests
CLBJ,33.394649,-97.60673818,303.6122435,5.796063476,57.58689038,Southern Plains,9,Great Plains
DELA,32.53407809,-87.81182267,92.69376163,1.817868069,7.010901892,Ozarks Complex,8,Eastern Forests
DSNY,28.093903,-81.4040095,88.80877635,0.168122947,0.361951225,Southeast,8,Eastern Forests
GRSM,35.66698142,-83.49216361,769.7789942,40.28188271,977.8551445,Appalachians & Cumberland Plateau,8,Eastern Forests
HARV,42.45646609,-72.23694267,241.3483397,21.39151712,183.7489189,Northeast,8,Eastern Forests
JERC,31.19201946,-84.46584943,103.3623046,3.946029158,13.50911334,Southeast,8,Eastern Forests
KONZ,39.10188729,-96.58094829,359.9681382,3.654444607,33.07642896,Prairie Peninsula,9,Great Plains
LENO,31.82173645,-88.18522552,83.70567264,2.112740603,9.185122062,Ozarks Complex,8,Eastern Forests
MLBS,37.39646772,-80.53026238,972.6878968,14.98690861,381.2500319,Appalachians & Cumberland Plateau,8,Eastern Forests
MOAB,38.26901783,-109.347606,1438.470032,0.266835005,11.36314914,Southern Rockies & Colorado Plateau,10,Desert Semi-Arid
NIWO,40.04185383,-105.560185,1695.086358,0.94491334,60.72919791,Southern Rockies & Colorado Plateau,6,NW Mountains
ONAQ,40.18230243,-112.5196704,1405.447014,0.949115664,38.62499949,Great Basin,10,Desert Semi-Arid
OSBS,29.69303355,-81.9773967,99.17657081,4.319982016,13.31772115,Southeast,8,Eastern Forests
RMNP,40.19091994,-105.5133808,1615.536156,1.5836607,105.830648,Central Plains,6,NW Mountains
SCBI,38.88759811,-78.14566039,373.0919094,19.53614596,296.863547,Mid-Atlantic,8,Eastern Forests
SERC,38.88560542,-76.5499175,84.06970172,7.023677007,22.21039342,Mid-Atlantic,8,Eastern Forests
SJER,37.113287,-119.73501,421.4573628,8.889237259,132.0017324,Pacific Southwest,11,Desert Semi-Arid
SOAP,37.033472,-119.2671,1097.061284,4.706750583,142.1705297,Pacific Southwest,6,NW Mountains
STEI,45.78337031,-90.03265375,500.9744248,3.307822114,57.36522706,Great Lakes,5,Northern Forests
TALL,32.92833161,-87.41608,157.2306331,8.620856345,57.64579723,Ozarks Complex,8,Eastern Forests
TEAK,37.00311952,-119.023619,1512.384933,2.921151266,146.7673627,Pacific Southwest,6,NW Mountains
TREE,45.49079222,-89.56665185,459.9018121,1.511861207,23.32968716,Great Lakes,5,Northern Forests
UKFS,39.0422512,-95.1968376,315.5630949,4.771344704,44.63276086,Prairie Peninsula,9,Great Plains
UNDE,46.23667758,-89.52563727,516.1486194,1.674942642,35.2320377,Great Lakes,5,Northern Forests
WREF,45.83214633,-121.9693533,567.9564285,20.56372809,497.86008,Pacific Northwest,6,NW Mountains
YELL,44.941859,-110.52447,1448.488762,1.798399826,76.21689215,Northern Rockies,6,NW Mountains
PUUM,,,,,,,,Tropical Wet Forests
GUAN,,,,,,,,Tropical Wet Forests
LAJA,,,,,,,,Tropical Wet Forests